"clientId,""timeStamp"",""humidity"",""temperature"""
"Raspberry_Device_1,""1757323501"",""34.08"",""30.17"""
"Raspberry_Device_1,""1757323428"",""34.17"",""30.12"""
"Raspberry_Device_1,""1757323575"",""35.17"",""29.64"""
"Raspberry_Device_1,""1757323349"",""35.92"",""29.28"""
"Raspberry_Device_1,""1757323659"",""35.67"",""29.05"""
"Raspberry_Device_1,""1757323749"",""35.67"",""28.21"""
"Raspberry_Device_1,""1757322645"",""41"",""28"""
"Raspberry_Device_1,""1757322729"",""41"",""28"""
"Raspberry_Device_1,""1757322802"",""41"",""28"""
"Raspberry_Device_1,""1757322886"",""40.08"",""28"""
"Raspberry_Device_1,""1757322960"",""38.67"",""28"""
"Raspberry_Device_1,""1757323275"",""36.5"",""27.98"""
"Raspberry_Device_1,""1757323186"",""37.42"",""27.88"""
"Raspberry_Device_1,""1757323039"",""38.67"",""27.79"""
"Raspberry_Device_1,""1757322571"",""41.75"",""27.75"""
"Raspberry_Device_1,""1757321909"",""43"",""27.6"""
"Raspberry_Device_1,""1757321982"",""43"",""27.6"""
"Raspberry_Device_1,""1757322072"",""43"",""27.6"""
"Raspberry_Device_1,""1757322161"",""43"",""27.6"""
"Raspberry_Device_1,""1757322245"",""43"",""27.6"""
"Raspberry_Device_1,""1757322334"",""43"",""27.6"""
"Raspberry_Device_1,""1757322419"",""43"",""27.6"""
"Raspberry_Device_1,""1757322487"",""43"",""27.6"""
"Raspberry_Device_1,""1757323112"",""38.92"",""27.6"""
"Raspberry_Device_1,""1757321814"",""43"",""27.59"""
"Raspberry_Device_1,""1757321746"",""43"",""27.16"""
"Raspberry_Device_1,""1757321041"",""43"",""27.1"""
"Raspberry_Device_1,""1757321110"",""43"",""27.1"""
"Raspberry_Device_1,""1757321178"",""43"",""27.1"""
"Raspberry_Device_1,""1757321241"",""43"",""27.1"""
"Raspberry_Device_1,""1757321320"",""43"",""27.1"""
"Raspberry_Device_1,""1757321404"",""43"",""27.1"""
"Raspberry_Device_1,""1757321499"",""43"",""27.1"""
"Raspberry_Device_1,""1757321588"",""43"",""27.1"""
"Raspberry_Device_1,""1757321672"",""43"",""27.1"""
"Raspberry_Device_1,""1757320973"",""43"",""26.8"""
"Raspberry_Device_1,""1757323817"",""36"",""26.71"""
"Raspberry_Device_1,""1757320321"",""44"",""26.7"""
"Raspberry_Device_1,""1757320405"",""44"",""26.7"""
"Raspberry_Device_1,""1757320484"",""44"",""26.7"""
"Raspberry_Device_1,""1757320558"",""44"",""26.7"""
"Raspberry_Device_1,""1757320626"",""43.75"",""26.7"""
"Raspberry_Device_1,""1757320720"",""43"",""26.7"""
"Raspberry_Device_1,""1757320810"",""43"",""26.7"""
"Raspberry_Device_1,""1757320894"",""43"",""26.7"""
"Raspberry_Device_1,""1757320247"",""44"",""26.43"""
"Raspberry_Device_1,""1757319622"",""44"",""26.2"""
"Raspberry_Device_1,""1757319701"",""44"",""26.2"""
"Raspberry_Device_1,""1757319795"",""44"",""26.2"""
"Raspberry_Device_1,""1757319874"",""44"",""26.2"""
"Raspberry_Device_1,""1757319953"",""44"",""26.2"""
"Raspberry_Device_1,""1757320042"",""44"",""26.2"""
"Raspberry_Device_1,""1757320111"",""44"",""26.2"""
"Raspberry_Device_1,""1757320179"",""44"",""26.2"""
"Raspberry_Device_1,""1757319543"",""44"",""26.19"""
"Raspberry_Device_1,""1757319448"",""44"",""25.83"""
"Raspberry_Device_1,""1757318881"",""45"",""25.8"""
"Raspberry_Device_1,""1757318975"",""45"",""25.8"""
"Raspberry_Device_1,""1757319065"",""45"",""25.8"""
"Raspberry_Device_1,""1757319143"",""45"",""25.8"""
"Raspberry_Device_1,""1757319212"",""45"",""25.8"""
"Raspberry_Device_1,""1757319285"",""44.67"",""25.8"""
"Raspberry_Device_1,""1757319369"",""44"",""25.8"""
"Raspberry_Device_1,""1757318802"",""45"",""25.72"""
"Raspberry_Device_1,""1757323896"",""36"",""25.33"""
"Raspberry_Device_1,""1757318234"",""46"",""25.3"""
"Raspberry_Device_1,""1757318323"",""46"",""25.3"""
"Raspberry_Device_1,""1757318392"",""45.58"",""25.3"""
"Raspberry_Device_1,""1757318470"",""45.33"",""25.3"""
"Raspberry_Device_1,""1757318549"",""45"",""25.3"""
"Raspberry_Device_1,""1757318628"",""45"",""25.3"""
"Raspberry_Device_1,""1757318723"",""45"",""25.3"""
"Raspberry_Device_1,""1757318166"",""46"",""25.22"""
"Raspberry_Device_1,""1757318066"",""46"",""24.82"""
"Raspberry_Device_1,""1757317593"",""47"",""24.8"""
"Raspberry_Device_1,""1757317671"",""47"",""24.8"""
"Raspberry_Device_1,""1757317750"",""46.67"",""24.8"""
"Raspberry_Device_1,""1757317829"",""46"",""24.8"""
"Raspberry_Device_1,""1757317903"",""46"",""24.8"""
"Raspberry_Device_1,""1757317987"",""46"",""24.8"""
"Raspberry_Device_1,""1757317529"",""47"",""24.55"""
"Raspberry_Device_1,""1757316899"",""48"",""24.5"""
"Raspberry_Device_1,""1757316967"",""47.17"",""24.5"""
"Raspberry_Device_1,""1757317046"",""47.08"",""24.5"""
"Raspberry_Device_1,""1757317109"",""47.67"",""24.5"""
"Raspberry_Device_1,""1757317204"",""47"",""24.5"""
"Raspberry_Device_1,""1757317293"",""47"",""24.5"""
"Raspberry_Device_1,""1757317377"",""47"",""24.5"""
"Raspberry_Device_1,""1757317451"",""47"",""24.5"""
"Raspberry_Device_1,""1757323980"",""36"",""24.23"""
"Raspberry_Device_1,""1757316804"",""48"",""24.17"""
"Raspberry_Device_1,""1757342196"",""37"",""24.11"""
"Raspberry_Device_1,""1757342280"",""37"",""24.11"""
"Raspberry_Device_1,""1757316305"",""48"",""24.1"""
"Raspberry_Device_1,""1757316389"",""47.67"",""24.1"""
"Raspberry_Device_1,""1757316462"",""48"",""24.1"""
"Raspberry_Device_1,""1757316536"",""48"",""24.1"""
"Raspberry_Device_1,""1757316604"",""48"",""24.1"""
"Raspberry_Device_1,""1757316673"",""48"",""24.1"""
"Raspberry_Device_1,""1757316736"",""47.75"",""24.1"""
"Raspberry_Device_1,""1757340256"",""38"",""24.1"""
"Raspberry_Device_1,""1757340335"",""38"",""24.1"""
"Raspberry_Device_1,""1757340403"",""38"",""24.1"""
"Raspberry_Device_1,""1757340471"",""38"",""24.1"""
"Raspberry_Device_1,""1757340545"",""38"",""24.1"""
"Raspberry_Device_1,""1757340613"",""38"",""24.1"""
"Raspberry_Device_1,""1757340687"",""38"",""24.1"""
"Raspberry_Device_1,""1757340781"",""38"",""24.1"""
"Raspberry_Device_1,""1757340860"",""38"",""24.1"""
"Raspberry_Device_1,""1757340971"",""38"",""24.1"""
"Raspberry_Device_1,""1757341044"",""38"",""24.1"""
"Raspberry_Device_1,""1757341123"",""37.75"",""24.1"""
"Raspberry_Device_1,""1757341213"",""37"",""24.1"""
"Raspberry_Device_1,""1757341286"",""37"",""24.1"""
"Raspberry_Device_1,""1757341354"",""37"",""24.1"""
"Raspberry_Device_1,""1757341433"",""37"",""24.1"""
"Raspberry_Device_1,""1757341496"",""37"",""24.1"""
"Raspberry_Device_1,""1757341570"",""37"",""24.1"""
"Raspberry_Device_1,""1757341633"",""37"",""24.1"""
"Raspberry_Device_1,""1757341701"",""37"",""24.1"""
"Raspberry_Device_1,""1757341775"",""37"",""24.1"""
"Raspberry_Device_1,""1757341849"",""37"",""24.1"""
"Raspberry_Device_1,""1757341933"",""37"",""24.1"""
"Raspberry_Device_1,""1757342022"",""37"",""24.1"""
"Raspberry_Device_1,""1757342106"",""37"",""24.1"""
"Raspberry_Device_1,""1757342369"",""36.83"",""24.1"""
"Raspberry_Device_1,""1757342453"",""36.5"",""24.1"""
"Raspberry_Device_1,""1757342532"",""36"",""24.1"""
"Raspberry_Device_1,""1757342606"",""36.25"",""24.1"""
"Raspberry_Device_1,""1757342679"",""37"",""24.1"""
"Raspberry_Device_1,""1757342763"",""37"",""24.1"""
"Raspberry_Device_1,""1757342847"",""37"",""24.1"""
"Raspberry_Device_1,""1757342921"",""36.5"",""24.1"""
"Raspberry_Device_1,""1757342984"",""36"",""24.1"""
"Raspberry_Device_1,""1757343063"",""36"",""24.1"""
"Raspberry_Device_1,""1757343131"",""36"",""24.1"""
"Raspberry_Device_1,""1757343226"",""36"",""24.1"""
"Raspberry_Device_1,""1757343310"",""36"",""24.1"""
"Raspberry_Device_1,""1757343405"",""36"",""24.1"""
"Raspberry_Device_1,""1757343484"",""36"",""24.1"""
"Raspberry_Device_1,""1757343562"",""36"",""24.1"""
"Raspberry_Device_1,""1757343647"",""37"",""24.1"""
"Raspberry_Device_1,""1757343731"",""36.5"",""24.1"""
"Raspberry_Device_1,""1757343815"",""37"",""24.1"""
"Raspberry_Device_1,""1757343899"",""37"",""24.1"""
"Raspberry_Device_1,""1757343973"",""37"",""24.1"""
"Raspberry_Device_1,""1757344057"",""37"",""24.1"""
"Raspberry_Device_1,""1757344130"",""37"",""24.1"""
"Raspberry_Device_1,""1757344230"",""37"",""24.1"""
"Raspberry_Device_1,""1757344309"",""37"",""24.1"""
"Raspberry_Device_1,""1757344388"",""37"",""24.1"""
"Raspberry_Device_1,""1757344467"",""37"",""24.1"""
"Raspberry_Device_1,""1757350618"",""38"",""24.1"""
"Raspberry_Device_1,""1757350681"",""38"",""24.1"""
"Raspberry_Device_1,""1757350754"",""38"",""24.1"""
"Raspberry_Device_1,""1757350844"",""38"",""24.1"""
"Raspberry_Device_1,""1757350933"",""38"",""24.1"""
"Raspberry_Device_1,""1757351012"",""38"",""24.1"""
"Raspberry_Device_1,""1757350554"",""38"",""24.08"""
"Raspberry_Device_1,""1757351175"",""38"",""24.07"""
"Raspberry_Device_1,""1757316215"",""47.25"",""23.99"""
"Raspberry_Device_1,""1757351259"",""38"",""23.94"""
"Raspberry_Device_1,""1757344540"",""37"",""23.92"""
"Raspberry_Device_1,""1757324053"",""36.58"",""23.9"""
"Raspberry_Device_1,""1757350486"",""38"",""23.88"""
"Raspberry_Device_1,""1757340187"",""37.67"",""23.87"""
"Raspberry_Device_1,""1757351080"",""38"",""23.85"""
"Raspberry_Device_1,""1757315611"",""48"",""23.8"""
"Raspberry_Device_1,""1757315689"",""48"",""23.8"""
"Raspberry_Device_1,""1757315784"",""48"",""23.8"""
"Raspberry_Device_1,""1757315863"",""48"",""23.8"""
"Raspberry_Device_1,""1757315931"",""48"",""23.8"""
"Raspberry_Device_1,""1757316010"",""47.75"",""23.8"""
"Raspberry_Device_1,""1757316079"",""47.17"",""23.8"""
"Raspberry_Device_1,""1757316142"",""47"",""23.8"""
"Raspberry_Device_1,""1757336902"",""38"",""23.8"""
"Raspberry_Device_1,""1757336970"",""38"",""23.8"""
"Raspberry_Device_1,""1757337054"",""38"",""23.8"""
"Raspberry_Device_1,""1757337143"",""37.83"",""23.8"""
"Raspberry_Device_1,""1757337222"",""37.08"",""23.8"""
"Raspberry_Device_1,""1757337301"",""38"",""23.8"""
"Raspberry_Device_1,""1757337380"",""38"",""23.8"""
"Raspberry_Device_1,""1757337454"",""38"",""23.8"""
"Raspberry_Device_1,""1757337527"",""37.33"",""23.8"""
"Raspberry_Device_1,""1757337611"",""37"",""23.8"""
"Raspberry_Device_1,""1757337706"",""37"",""23.8"""
"Raspberry_Device_1,""1757337790"",""36.67"",""23.8"""
"Raspberry_Device_1,""1757339578"",""36"",""23.8"""
"Raspberry_Device_1,""1757339667"",""36.42"",""23.8"""
"Raspberry_Device_1,""1757339740"",""37"",""23.8"""
"Raspberry_Device_1,""1757339835"",""37"",""23.8"""
"Raspberry_Device_1,""1757339946"",""37"",""23.8"""
"Raspberry_Device_1,""1757340014"",""37"",""23.8"""
"Raspberry_Device_1,""1757340098"",""37"",""23.8"""
"Raspberry_Device_1,""1757344614"",""37"",""23.8"""
"Raspberry_Device_1,""1757344698"",""37"",""23.8"""
"Raspberry_Device_1,""1757344777"",""37"",""23.8"""
"Raspberry_Device_1,""1757347721"",""38"",""23.8"""
"Raspberry_Device_1,""1757347821"",""38"",""23.8"""
"Raspberry_Device_1,""1757347889"",""38"",""23.8"""
"Raspberry_Device_1,""1757347978"",""38"",""23.8"""
"Raspberry_Device_1,""1757348068"",""38"",""23.8"""
"Raspberry_Device_1,""1757348141"",""38"",""23.8"""
"Raspberry_Device_1,""1757348226"",""38"",""23.8"""
"Raspberry_Device_1,""1757348294"",""38"",""23.8"""
"Raspberry_Device_1,""1757348378"",""38"",""23.8"""
"Raspberry_Device_1,""1757348462"",""38"",""23.8"""
"Raspberry_Device_1,""1757348541"",""38"",""23.8"""
"Raspberry_Device_1,""1757348615"",""38"",""23.8"""
"Raspberry_Device_1,""1757348693"",""38"",""23.8"""
"Raspberry_Device_1,""1757348778"",""38"",""23.8"""
"Raspberry_Device_1,""1757348856"",""38"",""23.8"""
"Raspberry_Device_1,""1757348946"",""38"",""23.8"""
"Raspberry_Device_1,""1757349030"",""38"",""23.8"""
"Raspberry_Device_1,""1757349098"",""38"",""23.8"""
"Raspberry_Device_1,""1757349177"",""38"",""23.8"""
"Raspberry_Device_1,""1757349245"",""38"",""23.8"""
"Raspberry_Device_1,""1757349324"",""38"",""23.8"""
"Raspberry_Device_1,""1757349414"",""38"",""23.8"""
"Raspberry_Device_1,""1757349492"",""38"",""23.8"""
"Raspberry_Device_1,""1757349571"",""38"",""23.8"""
"Raspberry_Device_1,""1757349645"",""38"",""23.8"""
"Raspberry_Device_1,""1757349719"",""38"",""23.8"""
"Raspberry_Device_1,""1757349787"",""38"",""23.8"""
"Raspberry_Device_1,""1757349850"",""38"",""23.8"""
"Raspberry_Device_1,""1757349924"",""38"",""23.8"""
"Raspberry_Device_1,""1757350008"",""38"",""23.8"""
"Raspberry_Device_1,""1757350092"",""38"",""23.8"""
"Raspberry_Device_1,""1757350165"",""38"",""23.8"""
"Raspberry_Device_1,""1757350239"",""38"",""23.8"""
"Raspberry_Device_1,""1757350313"",""38"",""23.8"""
"Raspberry_Device_1,""1757350402"",""38"",""23.8"""
"Raspberry_Device_1,""1757351343"",""38"",""23.8"""
"Raspberry_Device_1,""1757351417"",""38"",""23.8"""
"Raspberry_Device_1,""1757351506"",""38"",""23.8"""
"Raspberry_Device_1,""1757351574"",""38"",""23.8"""
"Raspberry_Device_1,""1757351653"",""38"",""23.8"""
"Raspberry_Device_1,""1757351758"",""38"",""23.8"""
"Raspberry_Device_1,""1757351842"",""38"",""23.8"""
"Raspberry_Device_1,""1757351921"",""38"",""23.8"""
"Raspberry_Device_1,""1757352000"",""38"",""23.8"""
"Raspberry_Device_1,""1757352074"",""38"",""23.8"""
"Raspberry_Device_1,""1757352153"",""38"",""23.8"""
"Raspberry_Device_1,""1757352221"",""38"",""23.8"""
"Raspberry_Device_1,""1757352289"",""38"",""23.8"""
"Raspberry_Device_1,""1757352373"",""38"",""23.8"""
"Raspberry_Device_1,""1757352452"",""38"",""23.8"""
"Raspberry_Device_1,""1757352531"",""38"",""23.8"""
"Raspberry_Device_1,""1757347637"",""38"",""23.79"""
"Raspberry_Device_1,""1757336828"",""38"",""23.74"""
"Raspberry_Device_1,""1757344845"",""37"",""23.65"""
"Raspberry_Device_1,""1757352610"",""38"",""23.61"""
"Raspberry_Device_1,""1757339483"",""36"",""23.54"""
"Raspberry_Device_1,""1757324138"",""37"",""23.53"""
"Raspberry_Device_1,""1757344924"",""37.25"",""23.44"""
"Raspberry_Device_1,""1757315542"",""48"",""23.43"""
"Raspberry_Device_1,""1757337858"",""35.17"",""23.43"""
"Raspberry_Device_1,""1757347568"",""38"",""23.41"""
"Raspberry_Device_1,""1757315064"",""48"",""23.4"""
"Raspberry_Device_1,""1757315159"",""48"",""23.4"""
"Raspberry_Device_1,""1757315222"",""48"",""23.4"""
"Raspberry_Device_1,""1757315306"",""48"",""23.4"""
"Raspberry_Device_1,""1757315379"",""48"",""23.4"""
"Raspberry_Device_1,""1757315458"",""48"",""23.4"""
"Raspberry_Device_1,""1757327839"",""37"",""23.4"""
"Raspberry_Device_1,""1757327928"",""37"",""23.4"""
"Raspberry_Device_1,""1757327996"",""37"",""23.4"""
"Raspberry_Device_1,""1757328096"",""37"",""23.4"""
"Raspberry_Device_1,""1757335945"",""38"",""23.4"""
"Raspberry_Device_1,""1757336034"",""38"",""23.4"""
"Raspberry_Device_1,""1757336108"",""38"",""23.4"""
"Raspberry_Device_1,""1757336176"",""38"",""23.4"""
"Raspberry_Device_1,""1757336266"",""38"",""23.4"""
"Raspberry_Device_1,""1757336350"",""38"",""23.4"""
"Raspberry_Device_1,""1757336418"",""38"",""23.4"""
"Raspberry_Device_1,""1757336513"",""38"",""23.4"""
"Raspberry_Device_1,""1757336586"",""38"",""23.4"""
"Raspberry_Device_1,""1757336660"",""38"",""23.4"""
"Raspberry_Device_1,""1757336744"",""38"",""23.4"""
"Raspberry_Device_1,""1757339078"",""35"",""23.4"""
"Raspberry_Device_1,""1757339146"",""35"",""23.4"""
"Raspberry_Device_1,""1757339215"",""35"",""23.4"""
"Raspberry_Device_1,""1757339304"",""35"",""23.4"""
"Raspberry_Device_1,""1757339388"",""35.83"",""23.4"""
"Raspberry_Device_1,""1757344992"",""38"",""23.4"""
"Raspberry_Device_1,""1757345077"",""38"",""23.4"""
"Raspberry_Device_1,""1757345161"",""38"",""23.4"""
"Raspberry_Device_1,""1757345255"",""38"",""23.4"""
"Raspberry_Device_1,""1757345339"",""38"",""23.4"""
"Raspberry_Device_1,""1757345408"",""38"",""23.4"""
"Raspberry_Device_1,""1757345476"",""38"",""23.4"""
"Raspberry_Device_1,""1757345550"",""38"",""23.4"""
"Raspberry_Device_1,""1757345644"",""38"",""23.4"""
"Raspberry_Device_1,""1757345728"",""38"",""23.4"""
"Raspberry_Device_1,""1757346859"",""38"",""23.4"""
"Raspberry_Device_1,""1757346938"",""38"",""23.4"""
"Raspberry_Device_1,""1757347016"",""38"",""23.4"""
"Raspberry_Device_1,""1757347090"",""38"",""23.4"""
"Raspberry_Device_1,""1757347164"",""38"",""23.4"""
"Raspberry_Device_1,""1757347253"",""38"",""23.4"""
"Raspberry_Device_1,""1757347342"",""38"",""23.4"""
"Raspberry_Device_1,""1757347411"",""38"",""23.4"""
"Raspberry_Device_1,""1757347500"",""38"",""23.4"""
"Raspberry_Device_1,""1757352684"",""38"",""23.4"""
"Raspberry_Device_1,""1757352757"",""38"",""23.4"""
"Raspberry_Device_1,""1757352836"",""38"",""23.4"""
"Raspberry_Device_1,""1757352899"",""38"",""23.4"""
"Raspberry_Device_1,""1757352973"",""38"",""23.4"""
"Raspberry_Device_1,""1757353041"",""38"",""23.4"""
"Raspberry_Device_1,""1757353120"",""38"",""23.4"""
"Raspberry_Device_1,""1757353194"",""38"",""23.4"""
"Raspberry_Device_1,""1757353262"",""38"",""23.4"""
"Raspberry_Device_1,""1757353335"",""38"",""23.4"""
"Raspberry_Device_1,""1757353409"",""38"",""23.4"""
"Raspberry_Device_1,""1757353477"",""38"",""23.4"""
"Raspberry_Device_1,""1757353556"",""38"",""23.4"""
"Raspberry_Device_1,""1757346780"",""38"",""23.38"""
"Raspberry_Device_1,""1757345813"",""38"",""23.3"""
"Raspberry_Device_1,""1757335866"",""38"",""23.29"""
"Raspberry_Device_1,""1757353625"",""38"",""23.28"""
"Raspberry_Device_1,""1757353698"",""38"",""23.24"""
"Raspberry_Device_1,""1757328191"",""37"",""23.23"""
"Raspberry_Device_1,""1757324227"",""37"",""23.18"""
"Raspberry_Device_1,""1757327749"",""37.33"",""23.17"""
"Raspberry_Device_1,""1757314980"",""48"",""23.14"""
"Raspberry_Device_1,""1757345902"",""38"",""23.12"""
"Raspberry_Device_1,""1757328359"",""37"",""23.08"""
"Raspberry_Device_1,""1757337937"",""35"",""23.03"""
"Raspberry_Device_1,""1757338994"",""35"",""23.02"""
"Raspberry_Device_1,""1757314649"",""48"",""23"""
"Raspberry_Device_1,""1757314727"",""48"",""23"""
"Raspberry_Device_1,""1757314812"",""48"",""23"""
"Raspberry_Device_1,""1757314906"",""48"",""23"""
"Raspberry_Device_1,""1757325278"",""38"",""23"""
"Raspberry_Device_1,""1757325357"",""38"",""23"""
"Raspberry_Device_1,""1757325426"",""38"",""23"""
"Raspberry_Device_1,""1757325499"",""38"",""23"""
"Raspberry_Device_1,""1757325662"",""38"",""23"""
"Raspberry_Device_1,""1757327013"",""38"",""23"""
"Raspberry_Device_1,""1757327108"",""37.92"",""23"""
"Raspberry_Device_1,""1757327455"",""37"",""23"""
"Raspberry_Device_1,""1757327534"",""37"",""23"""
"Raspberry_Device_1,""1757327597"",""37"",""23"""
"Raspberry_Device_1,""1757327670"",""37"",""23"""
"Raspberry_Device_1,""1757328270"",""37"",""23"""
"Raspberry_Device_1,""1757328422"",""37"",""23"""
"Raspberry_Device_1,""1757328490"",""37"",""23"""
"Raspberry_Device_1,""1757328590"",""37"",""23"""
"Raspberry_Device_1,""1757328674"",""37"",""23"""
"Raspberry_Device_1,""1757328758"",""37"",""23"""
"Raspberry_Device_1,""1757328827"",""37"",""23"""
"Raspberry_Device_1,""1757328900"",""36.92"",""23"""
"Raspberry_Device_1,""1757329763"",""37"",""23"""
"Raspberry_Device_1,""1757329836"",""37"",""23"""
"Raspberry_Device_1,""1757335382"",""37"",""23"""
"Raspberry_Device_1,""1757335451"",""37.33"",""23"""
"Raspberry_Device_1,""1757335535"",""38"",""23"""
"Raspberry_Device_1,""1757335619"",""38"",""23"""
"Raspberry_Device_1,""1757335703"",""38"",""23"""
"Raspberry_Device_1,""1757335787"",""38"",""23"""
"Raspberry_Device_1,""1757338006"",""35"",""23"""
"Raspberry_Device_1,""1757338090"",""35"",""23"""
"Raspberry_Device_1,""1757338153"",""34.5"",""23"""
"Raspberry_Device_1,""1757338915"",""35"",""23"""
"Raspberry_Device_1,""1757345976"",""38"",""23"""
"Raspberry_Device_1,""1757346044"",""38"",""23"""
"Raspberry_Device_1,""1757346128"",""38"",""23"""
"Raspberry_Device_1,""1757346233"",""38"",""23"""
"Raspberry_Device_1,""1757346307"",""38"",""23"""
"Raspberry_Device_1,""1757346391"",""38"",""23"""
"Raspberry_Device_1,""1757346480"",""38"",""23"""
"Raspberry_Device_1,""1757346564"",""38"",""23"""
"Raspberry_Device_1,""1757346627"",""38"",""23"""
"Raspberry_Device_1,""1757346706"",""38"",""23"""
"Raspberry_Device_1,""1757353767"",""38"",""23"""
"Raspberry_Device_1,""1757353835"",""38"",""23"""
"Raspberry_Device_1,""1757353924"",""38"",""23"""
"Raspberry_Device_1,""1757354008"",""38"",""23"""
"Raspberry_Device_1,""1757354077"",""38"",""23"""
"Raspberry_Device_1,""1757354161"",""38"",""23"""
"Raspberry_Device_1,""1757354240"",""38"",""23"""
"Raspberry_Device_1,""1757354324"",""38"",""23"""
"Raspberry_Device_1,""1757354392"",""38"",""23"""
"Raspberry_Device_1,""1757354460"",""38"",""23"""
"Raspberry_Device_1,""1757354539"",""38"",""23"""
"Raspberry_Device_1,""1757354613"",""38"",""23"""
"Raspberry_Device_1,""1757354681"",""38"",""23"""
"Raspberry_Device_1,""1757354760"",""38"",""23"""
"Raspberry_Device_1,""1757329668"",""37"",""22.99"""
"Raspberry_Device_1,""1757354839"",""38"",""22.99"""
"Raspberry_Device_1,""1757329989"",""37"",""22.97"""
"Raspberry_Device_1,""1757329910"",""36.25"",""22.92"""
"Raspberry_Device_1,""1757338232"",""34"",""22.92"""
"Raspberry_Device_1,""1757325588"",""38"",""22.91"""
"Raspberry_Device_1,""1757314580"",""48"",""22.89"""
"Raspberry_Device_1,""1757335319"",""37"",""22.87"""
"Raspberry_Device_1,""1757338815"",""35"",""22.87"""
"Raspberry_Device_1,""1757324301"",""37"",""22.83"""
"Raspberry_Device_1,""1757326940"",""38"",""22.81"""
"Raspberry_Device_1,""1757328979"",""36.92"",""22.78"""
"Raspberry_Device_1,""1757330073"",""36.92"",""22.78"""
"Raspberry_Device_1,""1757327202"",""37"",""22.77"""
"Raspberry_Device_1,""1757327376"",""37.33"",""22.76"""
"Raspberry_Device_1,""1757325178"",""38"",""22.7"""
"Raspberry_Device_1,""1757354907"",""38"",""22.69"""
"Raspberry_Device_1,""1757314496"",""48"",""22.64"""
"Raspberry_Device_1,""1757325751"",""38"",""22.64"""
"Raspberry_Device_1,""1757355543"",""42.67"",""22.64"""
"Raspberry_Device_1,""1757335235"",""37"",""22.62"""
"Raspberry_Device_1,""1757355475"",""40.83"",""22.62"""
"Raspberry_Device_1,""1757355622"",""41.25"",""22.62"""
"Raspberry_Device_1,""1757282611"",""53"",""22.6"""
"Raspberry_Device_1,""1757282685"",""53"",""22.6"""
"Raspberry_Device_1,""1757282764"",""53"",""22.6"""
"Raspberry_Device_1,""1757282843"",""53"",""22.6"""
"Raspberry_Device_1,""1757282927"",""53"",""22.6"""
"Raspberry_Device_1,""1757283016"",""53"",""22.6"""
"Raspberry_Device_1,""1757283090"",""53"",""22.6"""
"Raspberry_Device_1,""1757283158"",""53"",""22.6"""
"Raspberry_Device_1,""1757283237"",""53"",""22.6"""
"Raspberry_Device_1,""1757283305"",""53"",""22.6"""
"Raspberry_Device_1,""1757283384"",""53"",""22.6"""
"Raspberry_Device_1,""1757283453"",""53"",""22.6"""
"Raspberry_Device_1,""1757283526"",""53"",""22.6"""
"Raspberry_Device_1,""1757283605"",""53"",""22.6"""
"Raspberry_Device_1,""1757283679"",""53"",""22.6"""
"Raspberry_Device_1,""1757283752"",""53"",""22.6"""
"Raspberry_Device_1,""1757283831"",""53"",""22.6"""
"Raspberry_Device_1,""1757283910"",""53"",""22.6"""
"Raspberry_Device_1,""1757283973"",""53"",""22.6"""
"Raspberry_Device_1,""1757284057"",""53"",""22.6"""
"Raspberry_Device_1,""1757284141"",""53"",""22.6"""
"Raspberry_Device_1,""1757284210"",""53"",""22.6"""
"Raspberry_Device_1,""1757284299"",""53"",""22.6"""
"Raspberry_Device_1,""1757284378"",""53"",""22.6"""
"Raspberry_Device_1,""1757284446"",""53"",""22.6"""
"Raspberry_Device_1,""1757284525"",""53"",""22.6"""
"Raspberry_Device_1,""1757284599"",""53"",""22.6"""
"Raspberry_Device_1,""1757284667"",""53"",""22.6"""
"Raspberry_Device_1,""1757284751"",""53"",""22.6"""
"Raspberry_Device_1,""1757284830"",""53"",""22.6"""
"Raspberry_Device_1,""1757284935"",""53"",""22.6"""
"Raspberry_Device_1,""1757285004"",""53"",""22.6"""
"Raspberry_Device_1,""1757285088"",""53"",""22.6"""
"Raspberry_Device_1,""1757285167"",""53"",""22.6"""
"Raspberry_Device_1,""1757285251"",""53"",""22.6"""
"Raspberry_Device_1,""1757285340"",""53"",""22.6"""
"Raspberry_Device_1,""1757285408"",""53"",""22.6"""
"Raspberry_Device_1,""1757285508"",""53"",""22.6"""
"Raspberry_Device_1,""1757285587"",""53"",""22.6"""
"Raspberry_Device_1,""1757285671"",""53"",""22.6"""
"Raspberry_Device_1,""1757285745"",""53"",""22.6"""
"Raspberry_Device_1,""1757285829"",""53"",""22.6"""
"Raspberry_Device_1,""1757285924"",""53"",""22.6"""
"Raspberry_Device_1,""1757286008"",""53"",""22.6"""
"Raspberry_Device_1,""1757286092"",""53"",""22.6"""
"Raspberry_Device_1,""1757286165"",""53"",""22.6"""
"Raspberry_Device_1,""1757286239"",""53"",""22.6"""
"Raspberry_Device_1,""1757286313"",""53"",""22.6"""
"Raspberry_Device_1,""1757286386"",""53"",""22.6"""
"Raspberry_Device_1,""1757286470"",""53"",""22.6"""
"Raspberry_Device_1,""1757286544"",""53"",""22.6"""
"Raspberry_Device_1,""1757286612"",""53"",""22.6"""
"Raspberry_Device_1,""1757286691"",""53"",""22.6"""
"Raspberry_Device_1,""1757286770"",""52.42"",""22.6"""
"Raspberry_Device_1,""1757286838"",""52"",""22.6"""
"Raspberry_Device_1,""1757286933"",""52"",""22.6"""
"Raspberry_Device_1,""1757287012"",""52"",""22.6"""
"Raspberry_Device_1,""1757287085"",""52"",""22.6"""
"Raspberry_Device_1,""1757287185"",""52"",""22.6"""
"Raspberry_Device_1,""1757287275"",""52"",""22.6"""
"Raspberry_Device_1,""1757287343"",""52"",""22.6"""
"Raspberry_Device_1,""1757287432"",""52"",""22.6"""
"Raspberry_Device_1,""1757287517"",""52"",""22.6"""
"Raspberry_Device_1,""1757287601"",""52"",""22.6"""
"Raspberry_Device_1,""1757287685"",""52"",""22.6"""
"Raspberry_Device_1,""1757287748"",""52"",""22.6"""
"Raspberry_Device_1,""1757287816"",""52"",""22.6"""
"Raspberry_Device_1,""1757287916"",""52"",""22.6"""
"Raspberry_Device_1,""1757288005"",""52"",""22.6"""
"Raspberry_Device_1,""1757288095"",""52"",""22.6"""
"Raspberry_Device_1,""1757288168"",""52"",""22.6"""
"Raspberry_Device_1,""1757288258"",""52"",""22.6"""
"Raspberry_Device_1,""1757288337"",""52"",""22.6"""
"Raspberry_Device_1,""1757288426"",""52"",""22.6"""
"Raspberry_Device_1,""1757288494"",""52"",""22.6"""
"Raspberry_Device_1,""1757288568"",""52"",""22.6"""
"Raspberry_Device_1,""1757288647"",""52"",""22.6"""
"Raspberry_Device_1,""1757288726"",""52"",""22.6"""
"Raspberry_Device_1,""1757288805"",""52"",""22.6"""
"Raspberry_Device_1,""1757288883"",""52"",""22.6"""
"Raspberry_Device_1,""1757288968"",""52"",""22.6"""
"Raspberry_Device_1,""1757289052"",""52"",""22.6"""
"Raspberry_Device_1,""1757289130"",""52"",""22.6"""
"Raspberry_Device_1,""1757289215"",""52"",""22.6"""
"Raspberry_Device_1,""1757289299"",""52"",""22.6"""
"Raspberry_Device_1,""1757289393"",""52"",""22.6"""
"Raspberry_Device_1,""1757289472"",""52"",""22.6"""
"Raspberry_Device_1,""1757289551"",""53"",""22.6"""
"Raspberry_Device_1,""1757289635"",""53"",""22.6"""
"Raspberry_Device_1,""1757289709"",""52"",""22.6"""
"Raspberry_Device_1,""1757289793"",""52"",""22.6"""
"Raspberry_Device_1,""1757289866"",""52"",""22.6"""
"Raspberry_Device_1,""1757289951"",""52"",""22.6"""
"Raspberry_Device_1,""1757290014"",""52"",""22.6"""
"Raspberry_Device_1,""1757290093"",""52"",""22.6"""
"Raspberry_Device_1,""1757290187"",""52"",""22.6"""
"Raspberry_Device_1,""1757290266"",""52"",""22.6"""
"Raspberry_Device_1,""1757290350"",""52"",""22.6"""
"Raspberry_Device_1,""1757290434"",""52"",""22.6"""
"Raspberry_Device_1,""1757290513"",""52"",""22.6"""
"Raspberry_Device_1,""1757290592"",""52"",""22.6"""
"Raspberry_Device_1,""1757290676"",""52"",""22.6"""
"Raspberry_Device_1,""1757290750"",""52"",""22.6"""
"Raspberry_Device_1,""1757290829"",""52"",""22.6"""
"Raspberry_Device_1,""1757290907"",""52"",""22.6"""
"Raspberry_Device_1,""1757290976"",""52"",""22.6"""
"Raspberry_Device_1,""1757291044"",""52"",""22.6"""
"Raspberry_Device_1,""1757291123"",""52"",""22.6"""
"Raspberry_Device_1,""1757291212"",""52"",""22.6"""
"Raspberry_Device_1,""1757291286"",""52"",""22.6"""
"Raspberry_Device_1,""1757291386"",""52"",""22.6"""
"Raspberry_Device_1,""1757291475"",""52"",""22.6"""
"Raspberry_Device_1,""1757291575"",""52"",""22.6"""
"Raspberry_Device_1,""1757291649"",""52"",""22.6"""
"Raspberry_Device_1,""1757291728"",""52"",""22.6"""
"Raspberry_Device_1,""1757291817"",""52"",""22.6"""
"Raspberry_Device_1,""1757291880"",""52"",""22.6"""
"Raspberry_Device_1,""1757291948"",""52"",""22.6"""
"Raspberry_Device_1,""1757292043"",""52"",""22.6"""
"Raspberry_Device_1,""1757292122"",""52"",""22.6"""
"Raspberry_Device_1,""1757292190"",""52"",""22.6"""
"Raspberry_Device_1,""1757292280"",""52"",""22.6"""
"Raspberry_Device_1,""1757292364"",""52"",""22.6"""
"Raspberry_Device_1,""1757292464"",""52"",""22.6"""
"Raspberry_Device_1,""1757292537"",""52"",""22.6"""
"Raspberry_Device_1,""1757292627"",""52"",""22.6"""
"Raspberry_Device_1,""1757292700"",""52"",""22.6"""
"Raspberry_Device_1,""1757292779"",""52"",""22.6"""
"Raspberry_Device_1,""1757292853"",""52"",""22.6"""
"Raspberry_Device_1,""1757292937"",""52"",""22.6"""
"Raspberry_Device_1,""1757293026"",""52"",""22.6"""
"Raspberry_Device_1,""1757293094"",""52"",""22.6"""
"Raspberry_Device_1,""1757293179"",""52"",""22.6"""
"Raspberry_Device_1,""1757293247"",""52"",""22.6"""
"Raspberry_Device_1,""1757293315"",""52"",""22.6"""
"Raspberry_Device_1,""1757293399"",""52"",""22.6"""
"Raspberry_Device_1,""1757293494"",""52"",""22.6"""
"Raspberry_Device_1,""1757293568"",""52"",""22.6"""
"Raspberry_Device_1,""1757293646"",""52"",""22.6"""
"Raspberry_Device_1,""1757293730"",""52"",""22.6"""
"Raspberry_Device_1,""1757293804"",""52"",""22.6"""
"Raspberry_Device_1,""1757293878"",""52"",""22.6"""
"Raspberry_Device_1,""1757293946"",""52"",""22.6"""
"Raspberry_Device_1,""1757294020"",""52"",""22.6"""
"Raspberry_Device_1,""1757294098"",""52"",""22.6"""
"Raspberry_Device_1,""1757294183"",""52"",""22.6"""
"Raspberry_Device_1,""1757294246"",""52"",""22.6"""
"Raspberry_Device_1,""1757294314"",""52"",""22.6"""
"Raspberry_Device_1,""1757294398"",""52"",""22.6"""
"Raspberry_Device_1,""1757294477"",""52"",""22.6"""
"Raspberry_Device_1,""1757294572"",""52"",""22.6"""
"Raspberry_Device_1,""1757294645"",""52"",""22.6"""
"Raspberry_Device_1,""1757294724"",""52"",""22.6"""
"Raspberry_Device_1,""1757294803"",""52"",""22.6"""
"Raspberry_Device_1,""1757294877"",""52"",""22.6"""
"Raspberry_Device_1,""1757294945"",""52"",""22.6"""
"Raspberry_Device_1,""1757295029"",""52"",""22.6"""
"Raspberry_Device_1,""1757295113"",""52"",""22.6"""
"Raspberry_Device_1,""1757295197"",""52"",""22.6"""
"Raspberry_Device_1,""1757295271"",""52"",""22.6"""
"Raspberry_Device_1,""1757295339"",""52"",""22.6"""
"Raspberry_Device_1,""1757295413"",""52"",""22.6"""
"Raspberry_Device_1,""1757295497"",""52"",""22.6"""
"Raspberry_Device_1,""1757295565"",""52"",""22.6"""
"Raspberry_Device_1,""1757295639"",""52"",""22.6"""
"Raspberry_Device_1,""1757295728"",""52"",""22.6"""
"Raspberry_Device_1,""1757295818"",""52"",""22.6"""
"Raspberry_Device_1,""1757295891"",""52"",""22.6"""
"Raspberry_Device_1,""1757295960"",""52"",""22.6"""
"Raspberry_Device_1,""1757296038"",""52"",""22.6"""
"Raspberry_Device_1,""1757296117"",""52"",""22.6"""
"Raspberry_Device_1,""1757296217"",""52"",""22.6"""
"Raspberry_Device_1,""1757296296"",""52"",""22.6"""
"Raspberry_Device_1,""1757296375"",""52"",""22.6"""
"Raspberry_Device_1,""1757296443"",""52"",""22.6"""
"Raspberry_Device_1,""1757296527"",""51.17"",""22.6"""
"Raspberry_Device_1,""1757296622"",""51"",""22.6"""
"Raspberry_Device_1,""1757296695"",""51"",""22.6"""
"Raspberry_Device_1,""1757296780"",""51"",""22.6"""
"Raspberry_Device_1,""1757296864"",""51"",""22.6"""
"Raspberry_Device_1,""1757296937"",""51"",""22.6"""
"Raspberry_Device_1,""1757297021"",""51"",""22.6"""
"Raspberry_Device_1,""1757297106"",""51"",""22.6"""
"Raspberry_Device_1,""1757297179"",""51"",""22.6"""
"Raspberry_Device_1,""1757297258"",""51"",""22.6"""
"Raspberry_Device_1,""1757297332"",""51"",""22.6"""
"Raspberry_Device_1,""1757297421"",""51"",""22.6"""
"Raspberry_Device_1,""1757297505"",""51"",""22.6"""
"Raspberry_Device_1,""1757297584"",""51"",""22.6"""
"Raspberry_Device_1,""1757297684"",""51"",""22.6"""
"Raspberry_Device_1,""1757297752"",""51"",""22.6"""
"Raspberry_Device_1,""1757297831"",""51"",""22.6"""
"Raspberry_Device_1,""1757297910"",""51"",""22.6"""
"Raspberry_Device_1,""1757298709"",""51"",""22.6"""
"Raspberry_Device_1,""1757298783"",""51"",""22.6"""
"Raspberry_Device_1,""1757298856"",""51"",""22.6"""
"Raspberry_Device_1,""1757298951"",""51"",""22.6"""
"Raspberry_Device_1,""1757299035"",""51"",""22.6"""
"Raspberry_Device_1,""1757299124"",""51"",""22.6"""
"Raspberry_Device_1,""1757299214"",""51"",""22.6"""
"Raspberry_Device_1,""1757299277"",""51"",""22.6"""
"Raspberry_Device_1,""1757299361"",""51"",""22.6"""
"Raspberry_Device_1,""1757299461"",""51"",""22.6"""
"Raspberry_Device_1,""1757299576"",""51"",""22.6"""
"Raspberry_Device_1,""1757299655"",""51"",""22.6"""
"Raspberry_Device_1,""1757299734"",""51"",""22.6"""
"Raspberry_Device_1,""1757299813"",""51"",""22.6"""
"Raspberry_Device_1,""1757299887"",""50.25"",""22.6"""
"Raspberry_Device_1,""1757299971"",""50"",""22.6"""
"Raspberry_Device_1,""1757300044"",""50"",""22.6"""
"Raspberry_Device_1,""1757300128"",""50"",""22.6"""
"Raspberry_Device_1,""1757303104"",""49"",""22.6"""
"Raspberry_Device_1,""1757303172"",""49"",""22.6"""
"Raspberry_Device_1,""1757303246"",""49"",""22.6"""
"Raspberry_Device_1,""1757303335"",""49"",""22.6"""
"Raspberry_Device_1,""1757303430"",""49"",""22.6"""
"Raspberry_Device_1,""1757303661"",""49"",""22.6"""
"Raspberry_Device_1,""1757311563"",""49"",""22.6"""
"Raspberry_Device_1,""1757311642"",""49"",""22.6"""
"Raspberry_Device_1,""1757311731"",""49"",""22.6"""
"Raspberry_Device_1,""1757311805"",""49"",""22.6"""
"Raspberry_Device_1,""1757311883"",""49"",""22.6"""
"Raspberry_Device_1,""1757311957"",""49"",""22.6"""
"Raspberry_Device_1,""1757312041"",""49"",""22.6"""
"Raspberry_Device_1,""1757312130"",""49"",""22.6"""
"Raspberry_Device_1,""1757312220"",""49"",""22.6"""
"Raspberry_Device_1,""1757312304"",""49"",""22.6"""
"Raspberry_Device_1,""1757312393"",""49"",""22.6"""
"Raspberry_Device_1,""1757312467"",""49"",""22.6"""
"Raspberry_Device_1,""1757312546"",""49"",""22.6"""
"Raspberry_Device_1,""1757312640"",""49"",""22.6"""
"Raspberry_Device_1,""1757312745"",""49"",""22.6"""
"Raspberry_Device_1,""1757312819"",""49"",""22.6"""
"Raspberry_Device_1,""1757312893"",""49"",""22.6"""
"Raspberry_Device_1,""1757312977"",""49"",""22.6"""
"Raspberry_Device_1,""1757313050"",""49"",""22.6"""
"Raspberry_Device_1,""1757313129"",""49"",""22.6"""
"Raspberry_Device_1,""1757313203"",""49"",""22.6"""
"Raspberry_Device_1,""1757313276"",""49"",""22.6"""
"Raspberry_Device_1,""1757313345"",""49"",""22.6"""
"Raspberry_Device_1,""1757313413"",""49"",""22.6"""
"Raspberry_Device_1,""1757313513"",""49"",""22.6"""
"Raspberry_Device_1,""1757313592"",""49"",""22.6"""
"Raspberry_Device_1,""1757313665"",""49"",""22.6"""
"Raspberry_Device_1,""1757313739"",""48.08"",""22.6"""
"Raspberry_Device_1,""1757313823"",""48"",""22.6"""
"Raspberry_Device_1,""1757313944"",""48"",""22.6"""
"Raspberry_Device_1,""1757314018"",""48"",""22.6"""
"Raspberry_Device_1,""1757314107"",""48"",""22.6"""
"Raspberry_Device_1,""1757314186"",""48"",""22.6"""
"Raspberry_Device_1,""1757314281"",""48"",""22.6"""
"Raspberry_Device_1,""1757314349"",""48"",""22.6"""
"Raspberry_Device_1,""1757314422"",""48"",""22.6"""
"Raspberry_Device_1,""1757324379"",""37.42"",""22.6"""
"Raspberry_Device_1,""1757324453"",""38"",""22.6"""
"Raspberry_Device_1,""1757324532"",""38"",""22.6"""
"Raspberry_Device_1,""1757324616"",""38"",""22.6"""
"Raspberry_Device_1,""1757324726"",""38"",""22.6"""
"Raspberry_Device_1,""1757326225"",""38"",""22.6"""
"Raspberry_Device_1,""1757327286"",""37"",""22.6"""
"Raspberry_Device_1,""1757329053"",""37"",""22.6"""
"Raspberry_Device_1,""1757329121"",""37"",""22.6"""
"Raspberry_Device_1,""1757329584"",""37"",""22.6"""
"Raspberry_Device_1,""1757334999"",""37"",""22.6"""
"Raspberry_Device_1,""1757335083"",""37"",""22.6"""
"Raspberry_Device_1,""1757335162"",""37"",""22.6"""
"Raspberry_Device_1,""1757338311"",""34"",""22.6"""
"Raspberry_Device_1,""1757338379"",""34"",""22.6"""
"Raspberry_Device_1,""1757338458"",""34"",""22.6"""
"Raspberry_Device_1,""1757338542"",""34"",""22.6"""
"Raspberry_Device_1,""1757338626"",""34"",""22.6"""
"Raspberry_Device_1,""1757338726"",""34.83"",""22.6"""
"Raspberry_Device_1,""1757354976"",""38"",""22.6"""
"Raspberry_Device_1,""1757355049"",""38"",""22.6"""
"Raspberry_Device_1,""1757355118"",""38.33"",""22.6"""
"Raspberry_Device_1,""1757355196"",""39"",""22.6"""
"Raspberry_Device_1,""1757355265"",""38.08"",""22.6"""
"Raspberry_Device_1,""1757355333"",""38.08"",""22.6"""
"Raspberry_Device_1,""1757355396"",""38.58"",""22.6"""
"Raspberry_Device_1,""1757355685"",""41"",""22.6"""
"Raspberry_Device_1,""1757355775"",""40.67"",""22.6"""
"Raspberry_Device_1,""1757355854"",""41"",""22.6"""
"Raspberry_Device_1,""1757355927"",""41"",""22.6"""
"Raspberry_Device_1,""1757356011"",""41"",""22.6"""
"Raspberry_Device_1,""1757356074"",""41"",""22.6"""
"Raspberry_Device_1,""1757356143"",""41"",""22.6"""
"Raspberry_Device_1,""1757356211"",""41"",""22.6"""
"Raspberry_Device_1,""1757356295"",""41.67"",""22.6"""
"Raspberry_Device_1,""1757356358"",""42"",""22.6"""
"Raspberry_Device_1,""1757356437"",""41.67"",""22.6"""
"Raspberry_Device_1,""1757356516"",""41"",""22.6"""
"Raspberry_Device_1,""1757303030"",""49.08"",""22.59"""
"Raspberry_Device_1,""1757297989"",""51"",""22.58"""
"Raspberry_Device_1,""1757282543"",""53"",""22.57"""
"Raspberry_Device_1,""1757330157"",""36"",""22.57"""
"Raspberry_Device_1,""1757329205"",""37"",""22.55"""
"Raspberry_Device_1,""1757298620"",""51"",""22.53"""
"Raspberry_Device_1,""1757303588"",""49"",""22.53"""
"Raspberry_Device_1,""1757303730"",""49"",""22.53"""
"Raspberry_Device_1,""1757326461"",""38"",""22.53"""
"Raspberry_Device_1,""1757329516"",""37"",""22.51"""
"Raspberry_Device_1,""1757326840"",""38"",""22.49"""
"Raspberry_Device_1,""1757282459"",""53"",""22.47"""
"Raspberry_Device_1,""1757302941"",""49.92"",""22.47"""
"Raspberry_Device_1,""1757311479"",""49"",""22.47"""
"Raspberry_Device_1,""1757325105"",""38"",""22.44"""
"Raspberry_Device_1,""1757334936"",""37"",""22.44"""
"Raspberry_Device_1,""1757298146"",""51"",""22.43"""
"Raspberry_Device_1,""1757300223"",""50"",""22.43"""
"Raspberry_Device_1,""1757298057"",""51"",""22.42"""
"Raspberry_Device_1,""1757302852"",""50"",""22.42"""
"Raspberry_Device_1,""1757298341"",""51"",""22.37"""
"Raspberry_Device_1,""1757298525"",""51"",""22.36"""
"Raspberry_Device_1,""1757303509"",""49"",""22.36"""
"Raspberry_Device_1,""1757298246"",""51"",""22.35"""
"Raspberry_Device_1,""1757326382"",""38"",""22.34"""
"Raspberry_Device_1,""1757333458"",""35.5"",""22.34"""
"Raspberry_Device_1,""1757326298"",""38"",""22.32"""
"Raspberry_Device_1,""1757282380"",""53"",""22.31"""
"Raspberry_Device_1,""1757298446"",""51"",""22.31"""
"Raspberry_Device_1,""1757311394"",""49"",""22.31"""
"Raspberry_Device_1,""1757300297"",""50"",""22.3"""
"Raspberry_Device_1,""1757300517"",""50"",""22.3"""
"Raspberry_Device_1,""1757302689"",""50"",""22.3"""
"Raspberry_Device_1,""1757311005"",""49"",""22.3"""
"Raspberry_Device_1,""1757356584"",""41"",""22.3"""
"Raspberry_Device_1,""1757282301"",""53"",""22.29"""
"Raspberry_Device_1,""1757300838"",""50"",""22.29"""
"Raspberry_Device_1,""1757302457"",""50"",""22.29"""
"Raspberry_Device_1,""1757302773"",""50"",""22.29"""
"Raspberry_Device_1,""1757310932"",""49"",""22.29"""
"Raspberry_Device_1,""1757311095"",""49"",""22.29"""
"Raspberry_Device_1,""1757333295"",""35.42"",""22.29"""
"Raspberry_Device_1,""1757281918"",""53"",""22.28"""
"Raspberry_Device_1,""1757281986"",""53"",""22.28"""
"Raspberry_Device_1,""1757282059"",""53"",""22.28"""
"Raspberry_Device_1,""1757282138"",""53"",""22.28"""
"Raspberry_Device_1,""1757282217"",""53"",""22.28"""
"Raspberry_Device_1,""1757300375"",""50"",""22.28"""
"Raspberry_Device_1,""1757300596"",""50"",""22.28"""
"Raspberry_Device_1,""1757300665"",""50"",""22.28"""
"Raspberry_Device_1,""1757300917"",""50"",""22.28"""
"Raspberry_Device_1,""1757302531"",""50"",""22.28"""
"Raspberry_Device_1,""1757303814"",""49"",""22.28"""
"Raspberry_Device_1,""1757308319"",""49"",""22.28"""
"Raspberry_Device_1,""1757311326"",""49"",""22.28"""
"Raspberry_Device_1,""1757326140"",""38"",""22.28"""
"Raspberry_Device_1,""1757333222"",""36"",""22.28"""
"Raspberry_Device_1,""1757333380"",""35.92"",""22.28"""
"Raspberry_Device_1,""1757300449"",""50"",""22.27"""
"Raspberry_Device_1,""1757300759"",""50"",""22.27"""
"Raspberry_Device_1,""1757302615"",""50"",""22.27"""
"Raspberry_Device_1,""1757310774"",""49"",""22.27"""
"Raspberry_Device_1,""1757324800"",""38"",""22.27"""
"Raspberry_Device_1,""1757326556"",""38"",""22.27"""
"Raspberry_Device_1,""1757304087"",""49"",""22.26"""
"Raspberry_Device_1,""1757310858"",""49"",""22.26"""
"Raspberry_Device_1,""1757311158"",""49"",""22.26"""
"Raspberry_Device_1,""1757311237"",""49"",""22.26"""
"Raspberry_Device_1,""1757308393"",""49"",""22.25"""
"Raspberry_Device_1,""1757310701"",""49"",""22.25"""
"Raspberry_Device_1,""1757301022"",""50"",""22.24"""
"Raspberry_Device_1,""1757303877"",""49"",""22.24"""
"Raspberry_Device_1,""1757304161"",""49"",""22.24"""
"Raspberry_Device_1,""1757304234"",""49"",""22.24"""
"Raspberry_Device_1,""1757301416"",""50"",""22.23"""
"Raspberry_Device_1,""1757302363"",""50"",""22.23"""
"Raspberry_Device_1,""1757303945"",""49"",""22.23"""
"Raspberry_Device_1,""1757308477"",""49"",""22.23"""
"Raspberry_Device_1,""1757310233"",""49"",""22.23"""
"Raspberry_Device_1,""1757281844"",""53"",""22.22"""
"Raspberry_Device_1,""1757301343"",""50"",""22.22"""
"Raspberry_Device_1,""1757301979"",""50"",""22.22"""
"Raspberry_Device_1,""1757304019"",""49"",""22.22"""
"Raspberry_Device_1,""1757308240"",""49"",""22.22"""
"Raspberry_Device_1,""1757309292"",""49.25"",""22.22"""
"Raspberry_Device_1,""1757310154"",""49"",""22.22"""
"Raspberry_Device_1,""1757301269"",""50"",""22.21"""
"Raspberry_Device_1,""1757302053"",""50"",""22.21"""
"Raspberry_Device_1,""1757308540"",""49"",""22.21"""
"Raspberry_Device_1,""1757308692"",""49"",""22.21"""
"Raspberry_Device_1,""1757308776"",""49"",""22.21"""
"Raspberry_Device_1,""1757308955"",""49"",""22.21"""
"Raspberry_Device_1,""1757309218"",""49.08"",""22.21"""
"Raspberry_Device_1,""1757309371"",""49.67"",""22.21"""
"Raspberry_Device_1,""1757310070"",""49"",""22.21"""
"Raspberry_Device_1,""1757310511"",""49"",""22.21"""
"Raspberry_Device_1,""1757330982"",""36"",""22.21"""
"Raspberry_Device_1,""1757279005"",""53"",""22.2"""
"Raspberry_Device_1,""1757279073"",""53"",""22.2"""
"Raspberry_Device_1,""1757279152"",""53"",""22.2"""
"Raspberry_Device_1,""1757279242"",""53"",""22.2"""
"Raspberry_Device_1,""1757279326"",""53"",""22.2"""
"Raspberry_Device_1,""1757279399"",""53"",""22.2"""
"Raspberry_Device_1,""1757279473"",""53"",""22.2"""
"Raspberry_Device_1,""1757279541"",""53"",""22.2"""
"Raspberry_Device_1,""1757279620"",""53"",""22.2"""
"Raspberry_Device_1,""1757279699"",""53"",""22.2"""
"Raspberry_Device_1,""1757279788"",""53"",""22.2"""
"Raspberry_Device_1,""1757279867"",""53"",""22.2"""
"Raspberry_Device_1,""1757279935"",""53"",""22.2"""
"Raspberry_Device_1,""1757280035"",""53"",""22.2"""
"Raspberry_Device_1,""1757280109"",""53"",""22.2"""
"Raspberry_Device_1,""1757280183"",""53"",""22.2"""
"Raspberry_Device_1,""1757280256"",""53"",""22.2"""
"Raspberry_Device_1,""1757280324"",""53"",""22.2"""
"Raspberry_Device_1,""1757280424"",""53"",""22.2"""
"Raspberry_Device_1,""1757280493"",""53"",""22.2"""
"Raspberry_Device_1,""1757280593"",""53"",""22.2"""
"Raspberry_Device_1,""1757280677"",""53"",""22.2"""
"Raspberry_Device_1,""1757280750"",""53"",""22.2"""
"Raspberry_Device_1,""1757280840"",""53"",""22.2"""
"Raspberry_Device_1,""1757280919"",""53"",""22.2"""
"Raspberry_Device_1,""1757280987"",""53"",""22.2"""
"Raspberry_Device_1,""1757281071"",""53"",""22.2"""
"Raspberry_Device_1,""1757281145"",""53"",""22.2"""
"Raspberry_Device_1,""1757281223"",""53"",""22.2"""
"Raspberry_Device_1,""1757281302"",""53"",""22.2"""
"Raspberry_Device_1,""1757281376"",""53"",""22.2"""
"Raspberry_Device_1,""1757281455"",""53"",""22.2"""
"Raspberry_Device_1,""1757281534"",""53"",""22.2"""
"Raspberry_Device_1,""1757281623"",""53"",""22.2"""
"Raspberry_Device_1,""1757281691"",""53"",""22.2"""
"Raspberry_Device_1,""1757281765"",""53"",""22.2"""
"Raspberry_Device_1,""1757301106"",""50"",""22.2"""
"Raspberry_Device_1,""1757301206"",""50"",""22.2"""
"Raspberry_Device_1,""1757301506"",""50"",""22.2"""
"Raspberry_Device_1,""1757301579"",""50"",""22.2"""
"Raspberry_Device_1,""1757301653"",""50"",""22.2"""
"Raspberry_Device_1,""1757301737"",""50"",""22.2"""
"Raspberry_Device_1,""1757301827"",""50"",""22.2"""
"Raspberry_Device_1,""1757301905"",""50"",""22.2"""
"Raspberry_Device_1,""1757302131"",""50"",""22.2"""
"Raspberry_Device_1,""1757302216"",""50"",""22.2"""
"Raspberry_Device_1,""1757302284"",""50"",""22.2"""
"Raspberry_Device_1,""1757304303"",""49"",""22.2"""
"Raspberry_Device_1,""1757304376"",""49"",""22.2"""
"Raspberry_Device_1,""1757304460"",""49"",""22.2"""
"Raspberry_Device_1,""1757304539"",""49"",""22.2"""
"Raspberry_Device_1,""1757304613"",""49"",""22.2"""
"Raspberry_Device_1,""1757304697"",""49"",""22.2"""
"Raspberry_Device_1,""1757304765"",""49"",""22.2"""
"Raspberry_Device_1,""1757304849"",""49"",""22.2"""
"Raspberry_Device_1,""1757304939"",""49"",""22.2"""
"Raspberry_Device_1,""1757305012"",""49"",""22.2"""
"Raspberry_Device_1,""1757305112"",""49"",""22.2"""
"Raspberry_Device_1,""1757305186"",""49"",""22.2"""
"Raspberry_Device_1,""1757305259"",""49"",""22.2"""
"Raspberry_Device_1,""1757305333"",""49"",""22.2"""
"Raspberry_Device_1,""1757305422"",""49"",""22.2"""
"Raspberry_Device_1,""1757305491"",""49"",""22.2"""
"Raspberry_Device_1,""1757305570"",""49"",""22.2"""
"Raspberry_Device_1,""1757305648"",""49"",""22.2"""
"Raspberry_Device_1,""1757305722"",""49"",""22.2"""
"Raspberry_Device_1,""1757305796"",""49"",""22.2"""
"Raspberry_Device_1,""1757305869"",""49"",""22.2"""
"Raspberry_Device_1,""1757305943"",""49"",""22.2"""
"Raspberry_Device_1,""1757306016"",""49"",""22.2"""
"Raspberry_Device_1,""1757306111"",""49"",""22.2"""
"Raspberry_Device_1,""1757306179"",""49"",""22.2"""
"Raspberry_Device_1,""1757306258"",""49"",""22.2"""
"Raspberry_Device_1,""1757306332"",""49"",""22.2"""
"Raspberry_Device_1,""1757306405"",""49"",""22.2"""
"Raspberry_Device_1,""1757306479"",""49"",""22.2"""
"Raspberry_Device_1,""1757306558"",""49"",""22.2"""
"Raspberry_Device_1,""1757306626"",""49"",""22.2"""
"Raspberry_Device_1,""1757306705"",""49"",""22.2"""
"Raspberry_Device_1,""1757306779"",""49"",""22.2"""
"Raspberry_Device_1,""1757306858"",""49"",""22.2"""
"Raspberry_Device_1,""1757306942"",""49"",""22.2"""
"Raspberry_Device_1,""1757307015"",""49"",""22.2"""
"Raspberry_Device_1,""1757307099"",""49"",""22.2"""
"Raspberry_Device_1,""1757307184"",""49"",""22.2"""
"Raspberry_Device_1,""1757307273"",""49"",""22.2"""
"Raspberry_Device_1,""1757307352"",""49"",""22.2"""
"Raspberry_Device_1,""1757307441"",""49"",""22.2"""
"Raspberry_Device_1,""1757307509"",""49"",""22.2"""
"Raspberry_Device_1,""1757307578"",""49"",""22.2"""
"Raspberry_Device_1,""1757307657"",""49"",""22.2"""
"Raspberry_Device_1,""1757307736"",""49"",""22.2"""
"Raspberry_Device_1,""1757307809"",""49"",""22.2"""
"Raspberry_Device_1,""1757307872"",""49"",""22.2"""
"Raspberry_Device_1,""1757307951"",""49"",""22.2"""
"Raspberry_Device_1,""1757308019"",""49"",""22.2"""
"Raspberry_Device_1,""1757308098"",""49"",""22.2"""
"Raspberry_Device_1,""1757308177"",""49"",""22.2"""
"Raspberry_Device_1,""1757308624"",""49"",""22.2"""
"Raspberry_Device_1,""1757308882"",""49"",""22.2"""
"Raspberry_Device_1,""1757309039"",""49"",""22.2"""
"Raspberry_Device_1,""1757309129"",""49"",""22.2"""
"Raspberry_Device_1,""1757309449"",""49.67"",""22.2"""
"Raspberry_Device_1,""1757309518"",""49.42"",""22.2"""
"Raspberry_Device_1,""1757309581"",""50"",""22.2"""
"Raspberry_Device_1,""1757309675"",""50"",""22.2"""
"Raspberry_Device_1,""1757309754"",""49.08"",""22.2"""
"Raspberry_Device_1,""1757309838"",""49"",""22.2"""
"Raspberry_Device_1,""1757309923"",""49"",""22.2"""
"Raspberry_Device_1,""1757309996"",""49"",""22.2"""
"Raspberry_Device_1,""1757310296"",""49"",""22.2"""
"Raspberry_Device_1,""1757310375"",""49"",""22.2"""
"Raspberry_Device_1,""1757310443"",""49"",""22.2"""
"Raspberry_Device_1,""1757310601"",""49"",""22.2"""
"Raspberry_Device_1,""1757324874"",""38"",""22.2"""
"Raspberry_Device_1,""1757324947"",""38"",""22.2"""
"Raspberry_Device_1,""1757325021"",""38"",""22.2"""
"Raspberry_Device_1,""1757325820"",""38"",""22.2"""
"Raspberry_Device_1,""1757325899"",""38"",""22.2"""
"Raspberry_Device_1,""1757325972"",""38"",""22.2"""
"Raspberry_Device_1,""1757326046"",""38"",""22.2"""
"Raspberry_Device_1,""1757326777"",""38"",""22.2"""
"Raspberry_Device_1,""1757329279"",""37"",""22.2"""
"Raspberry_Device_1,""1757329358"",""37"",""22.2"""
"Raspberry_Device_1,""1757329431"",""37"",""22.2"""
"Raspberry_Device_1,""1757330236"",""36"",""22.2"""
"Raspberry_Device_1,""1757330315"",""36"",""22.2"""
"Raspberry_Device_1,""1757330383"",""36"",""22.2"""
"Raspberry_Device_1,""1757330446"",""36"",""22.2"""
"Raspberry_Device_1,""1757330525"",""36"",""22.2"""
"Raspberry_Device_1,""1757330599"",""36"",""22.2"""
"Raspberry_Device_1,""1757330667"",""36"",""22.2"""
"Raspberry_Device_1,""1757330730"",""36"",""22.2"""
"Raspberry_Device_1,""1757330819"",""36"",""22.2"""
"Raspberry_Device_1,""1757330909"",""36"",""22.2"""
"Raspberry_Device_1,""1757331051"",""36"",""22.2"""
"Raspberry_Device_1,""1757331129"",""36"",""22.2"""
"Raspberry_Device_1,""1757331203"",""36"",""22.2"""
"Raspberry_Device_1,""1757332318"",""36"",""22.2"""
"Raspberry_Device_1,""1757333159"",""36"",""22.2"""
"Raspberry_Device_1,""1757334778"",""37"",""22.2"""
"Raspberry_Device_1,""1757334851"",""37"",""22.2"""
"Raspberry_Device_1,""1757356653"",""41"",""22.2"""
"Raspberry_Device_1,""1757356742"",""41"",""22.2"""
"Raspberry_Device_1,""1757356810"",""41"",""22.2"""
"Raspberry_Device_1,""1757356889"",""41"",""22.2"""
"Raspberry_Device_1,""1757356973"",""41"",""22.2"""
"Raspberry_Device_1,""1757357052"",""41"",""22.2"""
"Raspberry_Device_1,""1757357126"",""41"",""22.2"""
"Raspberry_Device_1,""1757357210"",""41"",""22.2"""
"Raspberry_Device_1,""1757357289"",""41"",""22.2"""
"Raspberry_Device_1,""1757357352"",""41"",""22.2"""
"Raspberry_Device_1,""1757357415"",""41"",""22.2"""
"Raspberry_Device_1,""1757357483"",""41"",""22.2"""
"Raspberry_Device_1,""1757357557"",""41"",""22.2"""
"Raspberry_Device_1,""1757357631"",""41"",""22.2"""
"Raspberry_Device_1,""1757357715"",""41"",""22.2"""
"Raspberry_Device_1,""1757357778"",""41"",""22.2"""
"Raspberry_Device_1,""1757357841"",""41"",""22.2"""
"Raspberry_Device_1,""1757357914"",""41"",""22.2"""
"Raspberry_Device_1,""1757357993"",""41"",""22.2"""
"Raspberry_Device_1,""1757326629"",""38"",""22.19"""
"Raspberry_Device_1,""1757333090"",""36"",""22.17"""
"Raspberry_Device_1,""1757332249"",""36"",""22.15"""
"Raspberry_Device_1,""1757333532"",""35.58"",""22.14"""
"Raspberry_Device_1,""1757332396"",""36"",""22.12"""
"Raspberry_Device_1,""1757358083"",""41"",""22.11"""
"Raspberry_Device_1,""1757334694"",""37"",""22.02"""
"Raspberry_Device_1,""1757326703"",""38"",""21.98"""
"Raspberry_Device_1,""1757332460"",""36"",""21.97"""
"Raspberry_Device_1,""1757278931"",""53"",""21.96"""
"Raspberry_Device_1,""1757331277"",""36"",""21.95"""
"Raspberry_Device_1,""1757278858"",""53"",""21.88"""
"Raspberry_Device_1,""1757358161"",""41"",""21.84"""
"Raspberry_Device_1,""1757273606"",""54.67"",""21.83"""
"Raspberry_Device_1,""1757278768"",""53"",""21.83"""
"Raspberry_Device_1,""1757332160"",""36.25"",""21.81"""
"Raspberry_Device_1,""1757273685"",""54.92"",""21.8"""
"Raspberry_Device_1,""1757273753"",""55"",""21.8"""
"Raspberry_Device_1,""1757277996"",""54"",""21.8"""
"Raspberry_Device_1,""1757278085"",""53.75"",""21.8"""
"Raspberry_Device_1,""1757278164"",""53"",""21.8"""
"Raspberry_Device_1,""1757278253"",""53"",""21.8"""
"Raspberry_Device_1,""1757278327"",""53"",""21.8"""
"Raspberry_Device_1,""1757278400"",""53"",""21.8"""
"Raspberry_Device_1,""1757278511"",""53"",""21.8"""
"Raspberry_Device_1,""1757278595"",""53"",""21.8"""
"Raspberry_Device_1,""1757278679"",""53"",""21.8"""
"Raspberry_Device_1,""1757331345"",""36.08"",""21.8"""
"Raspberry_Device_1,""1757331434"",""36.17"",""21.8"""
"Raspberry_Device_1,""1757331518"",""36"",""21.8"""
"Raspberry_Device_1,""1757331608"",""36.33"",""21.8"""
"Raspberry_Device_1,""1757331687"",""36"",""21.8"""
"Raspberry_Device_1,""1757331755"",""36"",""21.8"""
"Raspberry_Device_1,""1757332528"",""36"",""21.8"""
"Raspberry_Device_1,""1757333001"",""36"",""21.8"""
"Raspberry_Device_1,""1757333600"",""36"",""21.8"""
"Raspberry_Device_1,""1757334625"",""37"",""21.8"""
"Raspberry_Device_1,""1757358251"",""41"",""21.8"""
"Raspberry_Device_1,""1757358330"",""41"",""21.8"""
"Raspberry_Device_1,""1757358409"",""41"",""21.8"""
"Raspberry_Device_1,""1757358519"",""41.58"",""21.8"""
"Raspberry_Device_1,""1757358598"",""42"",""21.8"""
"Raspberry_Device_1,""1757332922"",""36"",""21.78"""
"Raspberry_Device_1,""1757331839"",""36"",""21.73"""
"Raspberry_Device_1,""1757277906"",""54"",""21.65"""
"Raspberry_Device_1,""1757334557"",""37"",""21.62"""
"Raspberry_Device_1,""1757332628"",""36"",""21.61"""
"Raspberry_Device_1,""1757332070"",""36.08"",""21.58"""
"Raspberry_Device_1,""1757333684"",""36"",""21.57"""
"Raspberry_Device_1,""1757358677"",""42"",""21.57"""
"Raspberry_Device_1,""1757332701"",""36"",""21.51"""
"Raspberry_Device_1,""1757332775"",""36"",""21.44"""
"Raspberry_Device_1,""1757332849"",""36"",""21.42"""
"Raspberry_Device_1,""1757276376"",""53"",""21.4"""
"Raspberry_Device_1,""1757276466"",""53"",""21.4"""
"Raspberry_Device_1,""1757276550"",""53"",""21.4"""
"Raspberry_Device_1,""1757276634"",""53"",""21.4"""
"Raspberry_Device_1,""1757276713"",""53"",""21.4"""
"Raspberry_Device_1,""1757276797"",""53"",""21.4"""
"Raspberry_Device_1,""1757276860"",""53"",""21.4"""
"Raspberry_Device_1,""1757276939"",""53"",""21.4"""
"Raspberry_Device_1,""1757277375"",""54"",""21.4"""
"Raspberry_Device_1,""1757277512"",""54"",""21.4"""
"Raspberry_Device_1,""1757277670"",""54"",""21.4"""
"Raspberry_Device_1,""1757277738"",""54"",""21.4"""
"Raspberry_Device_1,""1757277822"",""54"",""21.4"""
"Raspberry_Device_1,""1757331929"",""36"",""21.4"""
"Raspberry_Device_1,""1757332002"",""36"",""21.4"""
"Raspberry_Device_1,""1757333758"",""36"",""21.4"""
"Raspberry_Device_1,""1757333837"",""36"",""21.4"""
"Raspberry_Device_1,""1757333916"",""36"",""21.4"""
"Raspberry_Device_1,""1757334000"",""36.42"",""21.4"""
"Raspberry_Device_1,""1757334089"",""36"",""21.4"""
"Raspberry_Device_1,""1757334179"",""36"",""21.4"""
"Raspberry_Device_1,""1757358750"",""42"",""21.4"""
"Raspberry_Device_1,""1757358819"",""42"",""21.4"""
"Raspberry_Device_1,""1757358903"",""42"",""21.4"""
"Raspberry_Device_1,""1757358982"",""42"",""21.4"""
"Raspberry_Device_1,""1757359066"",""42"",""21.4"""
"Raspberry_Device_1,""1757359139"",""42"",""21.4"""
"Raspberry_Device_1,""1757359218"",""42"",""21.4"""
"Raspberry_Device_1,""1757359292"",""42"",""21.4"""
"Raspberry_Device_1,""1757359371"",""42"",""21.4"""
"Raspberry_Device_1,""1757359439"",""42"",""21.4"""
"Raspberry_Device_1,""1757359523"",""42"",""21.4"""
"Raspberry_Device_1,""1757359586"",""42"",""21.4"""
"Raspberry_Device_1,""1757359660"",""42"",""21.4"""
"Raspberry_Device_1,""1757359739"",""42"",""21.4"""
"Raspberry_Device_1,""1757359823"",""42"",""21.4"""
"Raspberry_Device_1,""1757359896"",""42"",""21.4"""
"Raspberry_Device_1,""1757359959"",""43"",""21.4"""
"Raspberry_Device_1,""1757360038"",""43"",""21.4"""
"Raspberry_Device_1,""1757360117"",""43"",""21.4"""
"Raspberry_Device_1,""1757360207"",""43"",""21.4"""
"Raspberry_Device_1,""1757360285"",""43"",""21.4"""
"Raspberry_Device_1,""1757360359"",""43"",""21.4"""
"Raspberry_Device_1,""1757360433"",""43"",""21.4"""
"Raspberry_Device_1,""1757277444"",""54"",""21.39"""
"Raspberry_Device_1,""1757334483"",""37"",""21.38"""
"Raspberry_Device_1,""1757334252"",""36.92"",""21.32"""
"Raspberry_Device_1,""1757277586"",""54"",""21.12"""
"Raspberry_Device_1,""1757277018"",""53.33"",""21.1"""
"Raspberry_Device_1,""1757277302"",""54"",""21.07"""
"Raspberry_Device_1,""1757277165"",""54"",""21.03"""
"Raspberry_Device_1,""1757334331"",""37"",""21.02"""
"Raspberry_Device_1,""1757277091"",""54"",""21.01"""
"Raspberry_Device_1,""1757334410"",""37"",""21.01"""
"Raspberry_Device_1,""1757277239"",""54"",""21"""
